{
    "val-f1": 0.7943156320119671,
    "train-f1": 0.9475819032761311,
    "test-f1": 0.7829286239882266
}