{
    "val-f1": 0.6535796766743649,
    "train-f1": 0.8705661263800799,
    "test-f1": 0.6263345195729537
}